Workbook

Sheet Employee Master
A1: Employee Master — Operations Team (30 Employees)
A2: Emp ID | B2: Employee Name | C2: Department | D2: Designation | E2: Preferred Shift | F2: Date of Joining | G2: Status
A3: EMP101 | B3: Aarav Sharma | C3: Customer Support | D3: Operations Executive | E3: Morning | F3: 44717 | G3: Active
A4: EMP102 | B4: Priya Nair | C4: Warehouse Ops | D4: Operations Executive | E4: Afternoon | F4: 44763 | G4: Active
A5: EMP103 | B5: Rahul Mehta | C5: Delivery Ops | D5: Operations Executive | E5: Night | F5: 44564 | G5: Active
A6: EMP104 | B6: Sneha Reddy | C6: Customer Support | D6: Operations Executive | E6: Morning | F6: 44808 | G6: Active
A7: EMP105 | B7: Vikram Patel | C7: Warehouse Ops | D7: Operations Executive | E7: Afternoon | F7: 44731 | G7: Active
A8: EMP106 | B8: Anita Joshi | C8: Delivery Ops | D8: Operations Executive | E8: Night | F8: 44578 | G8: Active
A9: EMP107 | B9: Karan Bose | C9: Customer Support | D9: Operations Executive | E9: Morning | F9: 44653 | G9: Active
A10: EMP108 | B10: Divya Iyer | C10: Warehouse Ops | D10: Operations Executive | E10: Afternoon | F10: 44606 | G10: Active
A11: EMP109 | B11: Rohit Gupta | C11: Delivery Ops | D11: Operations Executive | E11: Night | F11: 44745 | G11: Active
A12: EMP110 | B12: Meera Pillai | C12: Customer Support | D12: Operations Executive | E12: Morning | F12: 44654 | G12: Active
A13: EMP111 | B13: Arjun Tiwari | C13: Warehouse Ops | D13: Operations Executive | E13: Afternoon | F13: 44818 | G13: Active
A14: EMP112 | B14: Kavya Rao | C14: Delivery Ops | D14: Operations Executive | E14: Night | F14: 44588 | G14: Active
... A32: EMP130 | B32: Charitha Balan | C32: Delivery Ops | D32: Operations Executive | E32: Night | F32: 44898 | G32: Active
A35: Total Employees | B35: =COUNTA(B3:B32) -> 30 | D35: Active | E35: =COUNTIF(G3:G32,"Active") -> 30

Sheet Weekly Shift Roster
A1: Weekly Shift Roster — Week of 04-Nov-2024 to 10-Nov-2024
A2: Legend: | C2: M = Morning 6AM-2PM | D2: A = Afternoon 2PM-10PM | E2: N = Night 10PM-6AM | F2: W = Week-Off | G2: L = Leave
A3: Emp ID | B3: Employee Name | C3: Mon 04-Nov | D3: Tue 05-Nov | E3: Wed 06-Nov | F3: Thu 07-Nov | G3: Fri 08-Nov | H3: Sat 09-Nov | I3: Sun 10-Nov | J3: Working Days | K3: Week-Off Day
A4: EMP101 | B4: Aarav Sharma | C4: M | D4: M | E4: L | F4: M | G4: M | H4: M | I4: W | J4: =7-COUNTIF(C4:I4,"W")-COUNTIF(C4:I4,"L") -> 5 | K4: Sun
A5: EMP102 | B5: Priya Nair | C5: A | D5: A | E5: A | F5: A | G5: A | H5: A | I5: W | J5: =7-COUNTIF(C5:I5,"W")-COUNTIF(C5:I5,"L") -> 6 | K5: Sun
A6: EMP103 | B6: Rahul Mehta | C6: N | D6: N | E6: N | F6: N | G6: N | H6: N | I6: W | J6: =7-COUNTIF(C6:I6,"W")-COUNTIF(C6:I6,"L") -> 6 | K6: Sun
A7: EMP104 | B7: Sneha Reddy | C7: M | D7: M | E7: M | F7: M | G7: M | H7: M | I7: W | J7: =7-COUNTIF(C7:I7,"W")-COUNTIF(C7:I7,"L") -> 6 | K7: Sun
A8: EMP105 | B8: Vikram Patel | C8: A | D8: A | E8: A | F8: A | G8: A | H8: A | I8: W | J8: =7-COUNTIF(C8:I8,"W")-COUNTIF(C8:I8,"L") -> 6 | K8: Sun
A9: EMP106 | B9: Anita Joshi | C9: N | D9: N | E9: N | F9: N | G9: N | H9: N | I9: W | J9: =7-COUNTIF(C9:I9,"W")-COUNTIF(C9:I9,"L") -> 6 | K9: Sun
A10: EMP107 | B10: Karan Bose | C10: L | D10: M | E10: M | F10: M | G10: M | H10: M | I10: W | J10: =7-COUNTIF(C10:I10,"W")-COUNTIF(C10:I10,"L") -> 5 | K10: Sun
A11: EMP108 | B11: Divya Iyer | C11: A | D11: A | E11: A | F11: A | G11: A | H11: A | I11: W | J11: =7-COUNTIF(C11:I11,"W")-COUNTIF(C11:I11,"L") -> 6 | K11: Sun
A12: EMP109 | B12: Rohit Gupta | C12: N | D12: N | E12: N | F12: N | G12: N | H12: N | I12: W | J12: =7-COUNTIF(C12:I12,"W")-COUNTIF(C12:I12,"L") -> 6 | K12: Sun
A13: EMP110 | B13: Meera Pillai | C13: M | D13: M | E13: M | F13: M | G13: M | H13: M | I13: W | J13: =7-COUNTIF(C13:I13,"W")-COUNTIF(C13:I13,"L") -> 6 | K13: Sun
A14: EMP111 | B14: Arjun Tiwari | C14: A | D14: A | E14: A | F14: A | G14: A | H14: A | I14: W | J14: =7-COUNTIF(C14:I14,"W")-COUNTIF(C14:I14,"L") -> 6 | K14: Sun
A15: EMP112 | B15: Kavya Rao | C15: N | D15: N | E15: N | F15: N | G15: N | H15: N | I15: W | J15: =7-COUNTIF(C15:I15,"W")-COUNTIF(C15:I15,"L") -> 6 | K15: Sun
... A33: EMP130 | B33: Charitha Balan | C33: N | D33: N | E33: N | F33: N | G33: N | H33: N | I33: W | J33: =7-COUNTIF(C33:I33,"W")-COUNTIF(C33:I33,"L") -> 6 | K33: Sun
A35: DAILY SHIFT COUNT SUMMARY
A36: Morning (M) Count | B36: Req: 8 | C36: =COUNTIF(C4:C33,"M") -> 9 | D36: =COUNTIF(D4:D33,"M") -> 9 | E36: =COUNTIF(E4:E33,"M") -> 9 | F36: =COUNTIF(F4:F33,"M") -> 8 | G36: =COUNTIF(G4:G33,"M") -> 10 | H36: =COUNTIF(H4:H33,"M") -> 10 | I36: =COUNTIF(I4:I33,"M") -> 0
A37: Afternoon (A) Count | B37: Req: 8 | C37: =COUNTIF(C4:C33,"A") -> 10 | D37: =COUNTIF(D4:D33,"A") -> 10 | E37: =COUNTIF(E4:E33,"A") -> 10 | F37: =COUNTIF(F4:F33,"A") -> 10 | G37: =COUNTIF(G4:G33,"A") -> 10 | H37: =COUNTIF(H4:H33,"A") -> 10 | I37: =COUNTIF(I4:I33,"A") -> 0
A38: Night (N) Count | B38: Req: 6 | C38: =COUNTIF(C4:C33,"N") -> 10 | D38: =COUNTIF(D4:D33,"N") -> 10 | E38: =COUNTIF(E4:E33,"N") -> 10 | F38: =COUNTIF(F4:F33,"N") -> 10 | G38: =COUNTIF(G4:G33,"N") -> 10 | H38: =COUNTIF(H4:H33,"N") -> 10 | I38: =COUNTIF(I4:I33,"N") -> 0
A39: Week-Off (W) Count | B39: Req: - | C39: =COUNTIF(C4:C33,"W") -> 0 | D39: =COUNTIF(D4:D33,"W") -> 0 | E39: =COUNTIF(E4:E33,"W") -> 0 | F39: =COUNTIF(F4:F33,"W") -> 0 | G39: =COUNTIF(G4:G33,"W") -> 0 | H39: =COUNTIF(H4:H33,"W") -> 0 | I39: =COUNTIF(I4:I33,"W") -> 30
A40: On Leave (L) Count | B40: Req: - | C40: =COUNTIF(C4:C33,"L") -> 1 | D40: =COUNTIF(D4:D33,"L") -> 1 | E40: =COUNTIF(E4:E33,"L") -> 1 | F40: =COUNTIF(F4:F33,"L") -> 2 | G40: =COUNTIF(G4:G33,"L") -> 0 | H40: =COUNTIF(H4:H33,"L") -> 0 | I40: =COUNTIF(I4:I33,"L") -> 0

Sheet Headcount Tracker
A1: Headcount Tracker — Actual vs Required Per Shift Per Day
A2: Shift | B2: Metric | C2: Mon 04-Nov | D2: Tue 05-Nov | E2: Wed 06-Nov | F2: Thu 07-Nov | G2: Fri 08-Nov | H2: Sat 09-Nov | I2: Sun 10-Nov | J2: Weekly Avg
A3: Morning | B3: Required | C3: 8 | D3: 8 | E3: 8 | F3: 8 | G3: 8 | H3: 8 | I3: 8 | J3: 8
A4: Morning | B4: Actual | C4: ='Weekly Shift Roster'!C36 -> 9 | D4: ='Weekly Shift Roster'!D36 -> 9 | E4: ='Weekly Shift Roster'!E36 -> 9 | F4: ='Weekly Shift Roster'!F36 -> 8 | G4: ='Weekly Shift Roster'!G36 -> 10 | H4: ='Weekly Shift Roster'!H36 -> 10 | I4: ='Weekly Shift Roster'!I36 -> 0 | J4: =IFERROR(AVERAGE(C4:I4),0) -> 7.8571429
A5: Morning | B5: Variance | C5: =C4-C3 -> 1 | D5: =D4-D3 -> 1 | E5: =E4-E3 -> 1 | F5: =F4-F3 -> 0 | G5: =G4-G3 -> 2 | H5: =H4-H3 -> 2 | I5: =I4-I3 -> -8 | J5: =IFERROR(AVERAGE(C5:I5),0) -> -0.14285714
A6: Morning | B6: Status | C6: =IF(C5>=0,"OK","SHORTAGE") -> OK | D6: =IF(D5>=0,"OK","SHORTAGE") -> OK | E6: =IF(E5>=0,"OK","SHORTAGE") -> OK | F6: =IF(F5>=0,"OK","SHORTAGE") -> OK | G6: =IF(G5>=0,"OK","SHORTAGE") -> OK | H6: =IF(H5>=0,"OK","SHORTAGE") -> OK | I6: =IF(I5>=0,"OK","SHORTAGE") -> SHORTAGE
A7: Afternoon | B7: Required | C7: 8 | D7: 8 | E7: 8 | F7: 8 | G7: 8 | H7: 8 | I7: 8 | J7: 8
A8: Afternoon | B8: Actual | C8: ='Weekly Shift Roster'!C37 -> 10 | D8: ='Weekly Shift Roster'!D37 -> 10 | E8: ='Weekly Shift Roster'!E37 -> 10 | F8: ='Weekly Shift Roster'!F37 -> 10 | G8: ='Weekly Shift Roster'!G37 -> 10 | H8: ='Weekly Shift Roster'!H37 -> 10 | I8: ='Weekly Shift Roster'!I37 -> 0 | J8: =IFERROR(AVERAGE(C8:I8),0) -> 8.5714286
A9: Afternoon | B9: Variance | C9: =C8-C7 -> 2 | D9: =D8-D7 -> 2 | E9: =E8-E7 -> 2 | F9: =F8-F7 -> 2 | G9: =G8-G7 -> 2 | H9: =H8-H7 -> 2 | I9: =I8-I7 -> -8 | J9: =IFERROR(AVERAGE(C9:I9),0) -> 0.57142857
A10: Afternoon | B10: Status | C10: =IF(C9>=0,"OK","SHORTAGE") -> OK | D10: =IF(D9>=0,"OK","SHORTAGE") -> OK | E10: =IF(E9>=0,"OK","SHORTAGE") -> OK | F10: =IF(F9>=0,"OK","SHORTAGE") -> OK | G10: =IF(G9>=0,"OK","SHORTAGE") -> OK | H10: =IF(H9>=0,"OK","SHORTAGE") -> OK | I10: =IF(I9>=0,"OK","SHORTAGE") -> SHORTAGE
A11: Night | B11: Required | C11: 6 | D11: 6 | E11: 6 | F11: 6 | G11: 6 | H11: 6 | I11: 6 | J11: 6
A12: Night | B12: Actual | C12: ='Weekly Shift Roster'!C38 -> 10 | D12: ='Weekly Shift Roster'!D38 -> 10 | E12: ='Weekly Shift Roster'!E38 -> 10 | F12: ='Weekly Shift Roster'!F38 -> 10 | G12: ='Weekly Shift Roster'!G38 -> 10 | H12: ='Weekly Shift Roster'!H38 -> 10 | I12: ='Weekly Shift Roster'!I38 -> 0 | J12: =IFERROR(AVERAGE(C12:I12),0) -> 8.5714286
A13: Night | B13: Variance | C13: =C12-C11 -> 4 | D13: =D12-D11 -> 4 | E13: =E12-E11 -> 4 | F13: =F12-F11 -> 4 | G13: =G12-G11 -> 4 | H13: =H12-H11 -> 4 | I13: =I12-I11 -> -6 | J13: =IFERROR(AVERAGE(C13:I13),0) -> 2.5714286
A14: Night | B14: Status | C14: =IF(C13>=0,"OK","SHORTAGE") -> OK | D14: =IF(D13>=0,"OK","SHORTAGE") -> OK | E14: =IF(E13>=0,"OK","SHORTAGE") -> OK | F14: =IF(F13>=0,"OK","SHORTAGE") -> OK | G14: =IF(G13>=0,"OK","SHORTAGE") -> OK | H14: =IF(H13>=0,"OK","SHORTAGE") -> OK | I14: =IF(I13>=0,"OK","SHORTAGE") -> SHORTAGE

Sheet Week-Off & Swap Log
A1: Week-Off & Swap Log — November 2024
A2: SECTION 1 — Approved Week-Off Log
A3: Emp ID | B3: Employee Name | C3: Department | D3: Week-Off Date | E3: Day | F3: Reason | G3: Approved By | H3: Status | I3: Remarks
A4: EMP101 | B4: Aarav Sharma | C4: Customer Support | D4: 45606 | E4: Sun | F4: Scheduled Week-Off | G4: Ops Manager | H4: Approved | I4: —
A5: EMP102 | B5: Priya Nair | C5: Warehouse Ops | D5: 45606 | E5: Sun | F5: Scheduled Week-Off | G5: Ops Manager | H5: Approved | I5: —
A6: EMP103 | B6: Rahul Mehta | C6: Delivery Ops | D6: 45606 | E6: Sun | F6: Scheduled Week-Off | G6: Ops Manager | H6: Approved | I6: —
A7: EMP104 | B7: Sneha Reddy | C7: Customer Support | D7: 45606 | E7: Sun | F7: Scheduled Week-Off | G7: Ops Manager | H7: Approved | I7: —
A8: EMP105 | B8: Vikram Patel | C8: Warehouse Ops | D8: 45606 | E8: Sun | F8: Scheduled Week-Off | G8: Ops Manager | H8: Approved | I8: —
A9: EMP106 | B9: Anita Joshi | C9: Delivery Ops | D9: 45606 | E9: Sun | F9: Scheduled Week-Off | G9: Ops Manager | H9: Approved | I9: —
A10: EMP107 | B10: Karan Bose | C10: Customer Support | D10: 45606 | E10: Sun | F10: Scheduled Week-Off | G10: Ops Manager | H10: Approved | I10: —
A11: EMP108 | B11: Divya Iyer | C11: Warehouse Ops | D11: 45606 | E11: Sun | F11: Scheduled Week-Off | G11: Ops Manager | H11: Approved | I11: —
A12: EMP109 | B12: Rohit Gupta | C12: Delivery Ops | D12: 45606 | E12: Sun | F12: Scheduled Week-Off | G12: Ops Manager | H12: Approved | I12: —
A13: EMP110 | B13: Meera Pillai | C13: Customer Support | D13: 45606 | E13: Sun | F13: Scheduled Week-Off | G13: Ops Manager | H13: Approved | I13: —
A14: EMP111 | B14: Arjun Tiwari | C14: Warehouse Ops | D14: 45606 | E14: Sun | F14: Scheduled Week-Off | G14: Ops Manager | H14: Approved | I14: —
A15: EMP112 | B15: Kavya Rao | C15: Delivery Ops | D15: 45606 | E15: Sun | F15: Scheduled Week-Off | G15: Ops Manager | H15: Approved | I15: —
... A33: EMP130 | B33: Charitha Balan | C33: Delivery Ops | D33: 45606 | E33: Sun | F33: Scheduled Week-Off | G33: Ops Manager | H33: Approved | I33: —
A36: SECTION 2 — Shift Swap Log
A37: Swap ID | B37: Requesting Emp | C37: Their Shift | D37: Swap With Emp | E37: Their Shift | F37: Swap Date | G37: Approved By | H37: Status | I37: Remarks
A38: SWP-001 | B38: Priya Nair | C38: Morning | D38: Rahul Mehta | E38: Afternoon | F38: 05-Nov-2024 | G38: Team Lead | H38: Approved | I38: Personal reason
A39: SWP-002 | B39: Karan Bose | C39: Night | D39: Divya Iyer | E39: Morning | F39: 06-Nov-2024 | G39: Ops Manager | H39: Approved | I39: Medical appointment
A40: SWP-003 | B40: Rohit Gupta | C40: Afternoon | D40: Meera Pillai | E40: Night | F40: 07-Nov-2024 | G40: Team Lead | H40: Approved | I40: Family event
A41: SWP-004 | B41: Arjun Tiwari | C41: Morning | D41: Kavya Rao | E41: Afternoon | F41: 08-Nov-2024 | G41: Ops Manager | H41: Pending | I41: Under review
A42: SWP-005 | B42: Deepak Pandey | C42: Night | D42: Anjali Mishra | E42: Morning | F42: 09-Nov-2024 | G42: Team Lead | H42: Approved | I42: Transport issue

Sheet How To Use
A1: How To Use — Shift Roster & Manpower Planning Tracker
A3: Sheet | B3: Purpose | C3: Instructions
A4: Employee Master | B4: List of all 30 employees | C4: Do not delete rows. Update Status to 'Inactive' if employee leaves. All other sheets reference this data.
A5: Weekly Shift Roster | B5: Assign shifts for the week | C5: Enter shift codes: M (Morning), A (Afternoon), N (Night), W (Week-Off), L (Leave). Summary rows at bottom auto-calculate daily headcount per shift.
A6: Headcount Tracker | B6: Compare actual vs required headcount | C6: Auto-updates from Weekly Shift Roster. Check Status rows — OK means requirement met, SHORTAGE means action needed. No manual entry required.
A7: Week-Off & Swap Log | B7: Track week-offs and shift swaps | C7: Log all week-off requests in Section 1. Log all swap requests in Section 2. Update Status to Approved or Pending. Approved By should be the manager name.
A11: NOTE 1 | B11: Shift codes are case-sensitive. Always use UPPERCASE: M, A, N, W, L.
A12: NOTE 2 | B12: Each employee must have exactly 1 Week-Off (W) per week. Ensure this before finalizing roster.
A13: NOTE 3 | B13: Do not change column order in any sheet — all cross-sheet formulas depend on fixed positions.
A14: NOTE 4 | B14: Required headcount: Morning = 8, Afternoon = 8, Night = 6. Update in Headcount Tracker if policy changes.
